Job ID,Job Title,Company Name,Location,Date Posted,Applicant Count,Salary Range,Job URL
4190175859,ML Software Engineer (L4/L5) - Media Algorithms,Netflix,"Los Angeles, CA",,,,https://www.linkedin.com/jobs/view/ml-software-engineer-l4-l5-media-algorithms-at-netflix-4190175859?position=1&pageNum=0&refId=CGNYFo1fABJW4KeX5cZupg%3D%3D&trackingId=ULkHWeXsOrQziam3gGMUnQ%3D%3D
4191146990,"Software Engineer, AI Platform - New Grad",Nuro,"Mountain View, CA",,,,https://www.linkedin.com/jobs/view/software-engineer-ai-platform-new-grad-at-nuro-4191146990?position=2&pageNum=0&refId=CGNYFo1fABJW4KeX5cZupg%3D%3D&trackingId=nyVD9DXV6kJTjTug6%2Bytfg%3D%3D
4191815023,AI Engineer,LinkedIn,"Sunnyvale, CA",,,,https://www.linkedin.com/jobs/view/ai-engineer-at-linkedin-4191815023?position=3&pageNum=0&refId=CGNYFo1fABJW4KeX5cZupg%3D%3D&trackingId=OIaK5zDFhZKb0oUcorGj7Q%3D%3D
4148955654,"Software Engineer III, AI/ML Machine Learning, Core",Google,"Bengaluru, Karnataka, India",,,,https://in.linkedin.com/jobs/view/software-engineer-iii-ai-ml-machine-learning-core-at-google-4148955654?position=4&pageNum=0&refId=CGNYFo1fABJW4KeX5cZupg%3D%3D&trackingId=5ZrChvXI3t8tSMbwZg%2FWKg%3D%3D
4138218869,AI/ML Developer,Verition Fund Management LLC,"New York, NY",,,,https://www.linkedin.com/jobs/view/ai-ml-developer-at-verition-fund-management-llc-4138218869?position=5&pageNum=0&refId=CGNYFo1fABJW4KeX5cZupg%3D%3D&trackingId=3woEI9DOhEZ2AGnhkbc4FQ%3D%3D
4143949417,AI Engineer,LinkedIn,"Sunnyvale, CA",,,,https://www.linkedin.com/jobs/view/ai-engineer-at-linkedin-4143949417?position=6&pageNum=0&refId=CGNYFo1fABJW4KeX5cZupg%3D%3D&trackingId=JOx3yoJc21o%2FI19M1O6t1Q%3D%3D
4191423516,AI/ML Engineer,Onix,"Pune, Maharashtra, India",,,,https://in.linkedin.com/jobs/view/ai-ml-engineer-at-onix-4191423516?position=7&pageNum=0&refId=CGNYFo1fABJW4KeX5cZupg%3D%3D&trackingId=e8vCgepZLIg0xMUxN3cStg%3D%3D
4172659721,Founding AI Engineer,Plain,United Kingdom,,,,https://uk.linkedin.com/jobs/view/founding-ai-engineer-at-plain-4172659721?position=8&pageNum=0&refId=CGNYFo1fABJW4KeX5cZupg%3D%3D&trackingId=YAFDS1LTM1jxln0Ef7MiDw%3D%3D
4116226442,Junior AI/ML Software Developer,"Paradyme, a CATHEXIS Company","Redwood City, CA",,,,https://www.linkedin.com/jobs/view/junior-ai-ml-software-developer-at-paradyme-a-cathexis-company-4116226442?position=9&pageNum=0&refId=CGNYFo1fABJW4KeX5cZupg%3D%3D&trackingId=HBEDB5saN56k27lTvnVQaA%3D%3D
4180083166,Python Gen AI Developer,LTIMindtree,"Bengaluru, Karnataka, India",,,,https://in.linkedin.com/jobs/view/python-gen-ai-developer-at-ltimindtree-4180083166?position=10&pageNum=0&refId=CGNYFo1fABJW4KeX5cZupg%3D%3D&trackingId=uEkRdq7XkW5T6Z2xCUftZQ%3D%3D
4194294347,ML Engineer,Fusemachines,"Pune, Maharashtra, India",,,,https://in.linkedin.com/jobs/view/ml-engineer-at-fusemachines-4194294347?position=11&pageNum=0&refId=CGNYFo1fABJW4KeX5cZupg%3D%3D&trackingId=t73JXMdrnPR1ORPOkx3C3Q%3D%3D
4190956133,AI Engineer,Rolls-Royce,"Bengaluru, Karnataka, India",,,,https://in.linkedin.com/jobs/view/ai-engineer-at-rolls-royce-4190956133?position=12&pageNum=0&refId=CGNYFo1fABJW4KeX5cZupg%3D%3D&trackingId=YGd1QrDVaOCbCOQ%2FD%2Bt%2FQQ%3D%3D
4182542944,AI Engineer,Lenovo,"Petaling Jaya, Selangor, Malaysia",,,,https://my.linkedin.com/jobs/view/ai-engineer-at-lenovo-4182542944?position=13&pageNum=0&refId=CGNYFo1fABJW4KeX5cZupg%3D%3D&trackingId=0yKm3RKq%2B3zS9IZppqHYhw%3D%3D
4189592177,Cloud & AI/ML Engineer,Samsung India,"Noida, Uttar Pradesh, India",,,,https://in.linkedin.com/jobs/view/cloud-ai-ml-engineer-at-samsung-india-4189592177?position=14&pageNum=0&refId=CGNYFo1fABJW4KeX5cZupg%3D%3D&trackingId=amX%2B4PMRXEFgp7GdsFAMwA%3D%3D
4177353423,AI Software Engineer Graduate,TrustFlight,"Vancouver, British Columbia, Canada",,,,https://ca.linkedin.com/jobs/view/ai-software-engineer-graduate-at-trustflight-4177353423?position=15&pageNum=0&refId=CGNYFo1fABJW4KeX5cZupg%3D%3D&trackingId=9gcM5XxE2hfTrmCGKy3wbQ%3D%3D
4179982673,AI & Machine Learning Engineer (12 month Internship),Mitsubishi Power Europe,"London, England, United Kingdom",,,,https://uk.linkedin.com/jobs/view/ai-machine-learning-engineer-12-month-internship-at-mitsubishi-power-europe-4179982673?position=16&pageNum=0&refId=CGNYFo1fABJW4KeX5cZupg%3D%3D&trackingId=bVR3uKI96ZM%2BeSck%2FdueVA%3D%3D
4182698021,"Software Engineer III, AI/ML GenAI, AR",Google,"Mountain View, CA",,,,https://www.linkedin.com/jobs/view/software-engineer-iii-ai-ml-genai-ar-at-google-4182698021?position=17&pageNum=0&refId=CGNYFo1fABJW4KeX5cZupg%3D%3D&trackingId=V4%2FQYqlIDIlJfgTBAqvkVw%3D%3D
4175516906,"AI Engineer (Python, LLMs)",numi,"London Area, United Kingdom",,,,https://uk.linkedin.com/jobs/view/ai-engineer-python-llms-at-numi-4175516906?position=18&pageNum=0&refId=CGNYFo1fABJW4KeX5cZupg%3D%3D&trackingId=Jp4pVGIXzsO5UM4fdP38Cw%3D%3D
4190268128,Junior - AI Developer - NextHub Bari,Deloitte,"Bari, Apulia, Italy",,,,https://it.linkedin.com/jobs/view/junior-ai-developer-nexthub-bari-at-deloitte-4190268128?position=19&pageNum=0&refId=CGNYFo1fABJW4KeX5cZupg%3D%3D&trackingId=tEjFqI3xwyJF02j4Z0JKDg%3D%3D
4197567993,AI SWE,PUNKU.AI,Germany,,,,https://de.linkedin.com/jobs/view/ai-swe-at-punku-ai-4197567993?position=20&pageNum=0&refId=CGNYFo1fABJW4KeX5cZupg%3D%3D&trackingId=7vvUGeH%2BCxPBBE9dm6hBww%3D%3D
4196726744,AI/ML Engineers,CoreTek Labs,"Austin, TX",,,,https://www.linkedin.com/jobs/view/ai-ml-engineers-at-coretek-labs-4196726744?position=21&pageNum=0&refId=CGNYFo1fABJW4KeX5cZupg%3D%3D&trackingId=iDDIWLg6r0qS8IWlFSz%2FOg%3D%3D
4192953871,Machine Learning Engineer,Samsung Electronics,"Taguig, National Capital Region, Philippines",,,,https://ph.linkedin.com/jobs/view/machine-learning-engineer-at-samsung-electronics-4192953871?position=22&pageNum=0&refId=CGNYFo1fABJW4KeX5cZupg%3D%3D&trackingId=9oyS9WPjEXzr%2Fn%2Fo%2FCq%2FKA%3D%3D
4159591740,"Software Engineer III, AI/ML GenAI, Google Ads",Google,"Mountain View, CA",,,,https://www.linkedin.com/jobs/view/software-engineer-iii-ai-ml-genai-google-ads-at-google-4159591740?position=23&pageNum=0&refId=CGNYFo1fABJW4KeX5cZupg%3D%3D&trackingId=LDMvXTRL1KKpBhMcmD70nQ%3D%3D
4196712800,ML/AI Engineer,Gravitee,"London, England, United Kingdom",,,,https://uk.linkedin.com/jobs/view/ml-ai-engineer-at-gravitee-4196712800?position=24&pageNum=0&refId=CGNYFo1fABJW4KeX5cZupg%3D%3D&trackingId=n84nguDK5MGpZI7qUtrlPA%3D%3D
4150917785,"Software Engineer Co-op, AI/ML",Bose Professional,"Hopkinton, MA",,,,https://www.linkedin.com/jobs/view/software-engineer-co-op-ai-ml-at-bose-professional-4150917785?position=25&pageNum=0&refId=CGNYFo1fABJW4KeX5cZupg%3D%3D&trackingId=Q0tc3AboY%2F7xb%2BGd0xkswg%3D%3D
4196971929,"Software Engineer, AI Retrieval",Asana,"San Francisco, CA",,,,https://www.linkedin.com/jobs/view/software-engineer-ai-retrieval-at-asana-4196971929?position=26&pageNum=0&refId=CGNYFo1fABJW4KeX5cZupg%3D%3D&trackingId=E4TZ9Pktta%2Fj1CkdtD3fGg%3D%3D
4193434706,Machine Learning Engineer,airtel,"Gurugram, Haryana, India",,,,https://in.linkedin.com/jobs/view/machine-learning-engineer-at-airtel-4193434706?position=27&pageNum=0&refId=CGNYFo1fABJW4KeX5cZupg%3D%3D&trackingId=X0pYLoecvFQVXlBVYqnRfQ%3D%3D
4185602616,Software Engineer - ML/AI,Desia,"London Area, United Kingdom",,,,https://uk.linkedin.com/jobs/view/software-engineer-ml-ai-at-desia-4185602616?position=28&pageNum=0&refId=CGNYFo1fABJW4KeX5cZupg%3D%3D&trackingId=XRmItXv6fFdswpcYrl5xqg%3D%3D
4108992008,"Software Engineer III, AI/ML",Google,"Bengaluru, Karnataka, India",,,,https://in.linkedin.com/jobs/view/software-engineer-iii-ai-ml-at-google-4108992008?position=29&pageNum=0&refId=CGNYFo1fABJW4KeX5cZupg%3D%3D&trackingId=D3KodNiZ4wAPROK2qJEzBQ%3D%3D
4173361633,Software Engineer - AI/ML Frontend,Snowflake,"Menlo Park, CA",,,,https://www.linkedin.com/jobs/view/software-engineer-ai-ml-frontend-at-snowflake-4173361633?position=30&pageNum=0&refId=CGNYFo1fABJW4KeX5cZupg%3D%3D&trackingId=%2BrEbZcrBngkM8z%2BoYjsz%2Fg%3D%3D
4194507499,Software Engineer Intern- AI/ML & Kubernetes,Nirmata,"Santa Clara, CA",,,,https://www.linkedin.com/jobs/view/software-engineer-intern-ai-ml-kubernetes-at-nirmata-4194507499?position=31&pageNum=0&refId=CGNYFo1fABJW4KeX5cZupg%3D%3D&trackingId=ZOvnpFdxbhS5oSfM9xxMFQ%3D%3D
4197589072,AI Software Engineer - fresh graduate,Oracle,"Brno, South Moravia, Czechia",,,,https://cz.linkedin.com/jobs/view/ai-software-engineer-fresh-graduate-at-oracle-4197589072?position=32&pageNum=0&refId=CGNYFo1fABJW4KeX5cZupg%3D%3D&trackingId=GYReh84%2FHIMmzNx9oXtQNg%3D%3D
4198402615,Associate Software Engineer - AI/ML,Devsinc,"Lahore, Punjab, Pakistan",,,,https://pk.linkedin.com/jobs/view/associate-software-engineer-ai-ml-at-devsinc-4198402615?position=33&pageNum=0&refId=CGNYFo1fABJW4KeX5cZupg%3D%3D&trackingId=X5D6qy84W4qnKH5vmm%2BSHA%3D%3D
4194527561,Data Scientist I,Banco Bradesco,"Osasco, São Paulo, Brazil",,,,https://br.linkedin.com/jobs/view/data-scientist-i-at-banco-bradesco-4194527561?position=34&pageNum=0&refId=CGNYFo1fABJW4KeX5cZupg%3D%3D&trackingId=VCRuV3x9FJKa2rqLdb6TDQ%3D%3D
4177134461,"Software Engineer III, AI/ML Recommendations, Rankings, Predictions, Google Cloud",Google,"Hyderabad, Telangana, India",,,,https://in.linkedin.com/jobs/view/software-engineer-iii-ai-ml-recommendations-rankings-predictions-google-cloud-at-google-4177134461?position=35&pageNum=0&refId=CGNYFo1fABJW4KeX5cZupg%3D%3D&trackingId=FOFbjrvrw4Ncbwju%2BmcDyA%3D%3D
4181575408,"Senior Software Engineer, ML, AI Innovation and Research",Google,"Bengaluru, Karnataka, India",,,,https://in.linkedin.com/jobs/view/senior-software-engineer-ml-ai-innovation-and-research-at-google-4181575408?position=36&pageNum=0&refId=CGNYFo1fABJW4KeX5cZupg%3D%3D&trackingId=YMx0LRZBqKUhgTg9NP4rJw%3D%3D
4193980396,"Machine Learning Engineer, Applied ML",Robinhood,"Menlo Park, CA",,,,https://www.linkedin.com/jobs/view/machine-learning-engineer-applied-ml-at-robinhood-4193980396?position=37&pageNum=0&refId=CGNYFo1fABJW4KeX5cZupg%3D%3D&trackingId=v4TRZ%2Fu3CN1TOfqM1vvjxQ%3D%3D
4172397720,Junior AI Engineer,AlphaPoint,"Toronto, Ontario, Canada",,,,https://ca.linkedin.com/jobs/view/junior-ai-engineer-at-alphapoint-4172397720?position=38&pageNum=0&refId=CGNYFo1fABJW4KeX5cZupg%3D%3D&trackingId=uZ50oOQ8a6ze4y93o9bkew%3D%3D
4144994812,Junior AI/ML Software Developer,"Paradyme, a CATHEXIS Company","Tysons Corner, VA",,,,https://www.linkedin.com/jobs/view/junior-ai-ml-software-developer-at-paradyme-a-cathexis-company-4144994812?position=39&pageNum=0&refId=CGNYFo1fABJW4KeX5cZupg%3D%3D&trackingId=IDB301J%2FEfXRtnVsFGBKOA%3D%3D
4195257196,"Software Engineer, Machine Learning",Glean,"Palo Alto, CA",,,,https://www.linkedin.com/jobs/view/software-engineer-machine-learning-at-glean-4195257196?position=40&pageNum=0&refId=CGNYFo1fABJW4KeX5cZupg%3D%3D&trackingId=z9JcU93twVckbRmv%2BSjiiQ%3D%3D
4189368080,Gen AI Developer,Infosys,"Bengaluru East, Karnataka, India",,,,https://in.linkedin.com/jobs/view/gen-ai-developer-at-infosys-4189368080?position=41&pageNum=0&refId=CGNYFo1fABJW4KeX5cZupg%3D%3D&trackingId=jIEMyuifbXM5uZxzLssHbw%3D%3D
4172079850,Software Engineer II- AI/ML,Microsoft,"Hyderabad, Telangana, India",,,,https://in.linkedin.com/jobs/view/software-engineer-ii-ai-ml-at-microsoft-4172079850?position=42&pageNum=0&refId=CGNYFo1fABJW4KeX5cZupg%3D%3D&trackingId=XkvEHvZU7WzPhYZZzbvbYg%3D%3D
4196927968,AI Engineer - Back End,Lazard,"New York, United States",,,,https://www.linkedin.com/jobs/view/ai-engineer-back-end-at-lazard-4196927968?position=43&pageNum=0&refId=CGNYFo1fABJW4KeX5cZupg%3D%3D&trackingId=325zGZL34d2b4Hldb7%2Bs2Q%3D%3D
4172500326,Junior AI Engineer,AlphaPoint,"Vancouver, British Columbia, Canada",,,,https://ca.linkedin.com/jobs/view/junior-ai-engineer-at-alphapoint-4172500326?position=44&pageNum=0&refId=CGNYFo1fABJW4KeX5cZupg%3D%3D&trackingId=x8%2Fm9uEOzwFI60215%2FOLaw%3D%3D
4183189877,AI Developer I,Niagara Bottling,"Diamond Bar, CA",,,,https://www.linkedin.com/jobs/view/ai-developer-i-at-niagara-bottling-4183189877?position=45&pageNum=0&refId=CGNYFo1fABJW4KeX5cZupg%3D%3D&trackingId=3V3pmzOmbDAsrn%2ByFgqPvQ%3D%3D
4178287651,AI Software Engineer - fresh graduate,Oracle,"Brno, South Moravia, Czechia",,,,https://cz.linkedin.com/jobs/view/ai-software-engineer-fresh-graduate-at-oracle-4178287651?position=46&pageNum=0&refId=CGNYFo1fABJW4KeX5cZupg%3D%3D&trackingId=vwPwkRXoIpoxgEYCZNVNrg%3D%3D
4192222935,AI Developer,Klass Capital,"Toronto, Ontario, Canada",,,,https://ca.linkedin.com/jobs/view/ai-developer-at-klass-capital-4192222935?position=47&pageNum=0&refId=CGNYFo1fABJW4KeX5cZupg%3D%3D&trackingId=ZgDqYsYFC2x%2FXPyZBRrSIw%3D%3D
24198282720,Artificial Intelligence (AI) Developer,FocusPoint®,"Nashville, TN",,,,https://www.linkedin.com/jobs/view/artificial-intelligence-ai-developer-at-focuspoint%C2%AE-4198282720?position=48&pageNum=0&refId=CGNYFo1fABJW4KeX5cZupg%3D%3D&trackingId=LTxAf7ysRWeidE4cRiwfrw%3D%3D
4189708890,Junior Copilot AI Developer,First AI,"London, England, United Kingdom",,,,https://uk.linkedin.com/jobs/view/junior-copilot-ai-developer-at-first-ai-4189708890?position=49&pageNum=0&refId=CGNYFo1fABJW4KeX5cZupg%3D%3D&trackingId=3haqwsCvo%2BjWd4OPcZCJbw%3D%3D
4184631543,Junior Full-Stack AI/ML Engineer,PGLS,United States,,,,https://www.linkedin.com/jobs/view/junior-full-stack-ai-ml-engineer-at-pgls-4184631543?position=50&pageNum=0&refId=CGNYFo1fABJW4KeX5cZupg%3D%3D&trackingId=lvDmls0xYwftFVC5nMNDMg%3D%3D
4114181679,"Software Engineer - AI/ML, Multiple Locations",Microsoft,"Redmond, WA",,,,https://www.linkedin.com/jobs/view/software-engineer-ai-ml-multiple-locations-at-microsoft-4114181679?position=51&pageNum=0&refId=CGNYFo1fABJW4KeX5cZupg%3D%3D&trackingId=iRjymqmNQqFSXkfHYEz1iQ%3D%3D
4167272596,Associate AI Developer,"LCG, Inc.","Bethesda, MD",,,,https://www.linkedin.com/jobs/view/associate-ai-developer-at-lcg-inc-4167272596?position=52&pageNum=0&refId=CGNYFo1fABJW4KeX5cZupg%3D%3D&trackingId=9YlxDbEiNaZC5KftAHyGSA%3D%3D
4114182645,"Software Engineer - AI/ML, Multiple Locations",Microsoft,United States,,,,https://www.linkedin.com/jobs/view/software-engineer-ai-ml-multiple-locations-at-microsoft-4114182645?position=53&pageNum=0&refId=CGNYFo1fABJW4KeX5cZupg%3D%3D&trackingId=DfK%2Fsc8yiMIRS6F%2BmjopdQ%3D%3D
4098757579,"Software Engineer, AI",Ascertain,"New York, NY",,,,https://www.linkedin.com/jobs/view/software-engineer-ai-at-ascertain-4098757579?position=54&pageNum=0&refId=CGNYFo1fABJW4KeX5cZupg%3D%3D&trackingId=a1eg5fQvXJJ4aJe4tFvbrQ%3D%3D
4197453847,"Machine Learning Software Engineer, Gemini",Google DeepMind,"Mountain View, CA",,,,https://www.linkedin.com/jobs/view/machine-learning-software-engineer-gemini-at-google-deepmind-4197453847?position=55&pageNum=0&refId=CGNYFo1fABJW4KeX5cZupg%3D%3D&trackingId=wZILEGTCejW%2Brn9%2FAPIqMg%3D%3D
4178777089,AI Engineer (Machine Learning & Computer Vision),In Technology Group,"Leeds, England, United Kingdom",,,,https://uk.linkedin.com/jobs/view/ai-engineer-machine-learning-computer-vision-at-in-technology-group-4178777089?position=56&pageNum=0&refId=CGNYFo1fABJW4KeX5cZupg%3D%3D&trackingId=lb%2BFYxKwYgmAURPkklgKzQ%3D%3D
4180014935,Senior AI Engineer,LinkedIn,"Sunnyvale, CA",,,,https://www.linkedin.com/jobs/view/senior-ai-engineer-at-linkedin-4180014935?position=57&pageNum=0&refId=CGNYFo1fABJW4KeX5cZupg%3D%3D&trackingId=ny3Ks80IF2YICiazoKcJVg%3D%3D
4194365680,Data Scientist,HDFC Bank,"Mumbai, Maharashtra, India",,,,https://in.linkedin.com/jobs/view/data-scientist-at-hdfc-bank-4194365680?position=58&pageNum=0&refId=CGNYFo1fABJW4KeX5cZupg%3D%3D&trackingId=%2FMrQIKtF6mamnOiOFycrVA%3D%3D
4174802588,AI / ML Software Engineer (Rif. 2025-75),aizoOn Technology Consulting,Greater Turin Metropolitan Area,,,,https://it.linkedin.com/jobs/view/ai-ml-software-engineer-rif-2025-75-at-aizoon-technology-consulting-4174802588?position=59&pageNum=0&refId=CGNYFo1fABJW4KeX5cZupg%3D%3D&trackingId=sv12WCc0QMLlh6wpqZQS1Q%3D%3D
4132126399,AI Software Engineer,Brado,"Dallas, TX",,,,https://www.linkedin.com/jobs/view/ai-software-engineer-at-brado-4132126399?position=60&pageNum=0&refId=CGNYFo1fABJW4KeX5cZupg%3D%3D&trackingId=1dGbxRSBuiGAX2RsbwZc%2BQ%3D%3D
4196971929,"Software Engineer, AI Retrieval",Asana,"San Francisco, CA",,,,https://www.linkedin.com/jobs/view/software-engineer-ai-retrieval-at-asana-4196971929?position=1&pageNum=2&refId=sEBoo%2F7DelaBnt3I7P84vQ%3D%3D&trackingId=e05A%2BMtxQEc%2BTfAsItFXuQ%3D%3D
4193434706,Machine Learning Engineer,airtel,"Gurugram, Haryana, India",,,,https://in.linkedin.com/jobs/view/machine-learning-engineer-at-airtel-4193434706?position=2&pageNum=2&refId=sEBoo%2F7DelaBnt3I7P84vQ%3D%3D&trackingId=KBuUdrN6cBsaziHdg97z3g%3D%3D
4185602616,Software Engineer - ML/AI,Desia,"London Area, United Kingdom",,,,https://uk.linkedin.com/jobs/view/software-engineer-ml-ai-at-desia-4185602616?position=3&pageNum=2&refId=sEBoo%2F7DelaBnt3I7P84vQ%3D%3D&trackingId=sUn10yf6xTq2lrX%2F1UCwag%3D%3D
4108992008,"Software Engineer III, AI/ML",Google,"Bengaluru, Karnataka, India",,,,https://in.linkedin.com/jobs/view/software-engineer-iii-ai-ml-at-google-4108992008?position=4&pageNum=2&refId=sEBoo%2F7DelaBnt3I7P84vQ%3D%3D&trackingId=zBnGJ3XwFiizBMp%2FZNXJAg%3D%3D
4173361633,Software Engineer - AI/ML Frontend,Snowflake,"Menlo Park, CA",,,,https://www.linkedin.com/jobs/view/software-engineer-ai-ml-frontend-at-snowflake-4173361633?position=5&pageNum=2&refId=sEBoo%2F7DelaBnt3I7P84vQ%3D%3D&trackingId=tak%2F1pokgLXmYPOkdMbF5A%3D%3D
4194507499,Software Engineer Intern- AI/ML & Kubernetes,Nirmata,"Santa Clara, CA",,,,https://www.linkedin.com/jobs/view/software-engineer-intern-ai-ml-kubernetes-at-nirmata-4194507499?position=6&pageNum=2&refId=sEBoo%2F7DelaBnt3I7P84vQ%3D%3D&trackingId=lNLqIUaf68X6llZDbxzAzQ%3D%3D
4197589072,AI Software Engineer - fresh graduate,Oracle,"Brno, South Moravia, Czechia",,,,https://cz.linkedin.com/jobs/view/ai-software-engineer-fresh-graduate-at-oracle-4197589072?position=7&pageNum=2&refId=sEBoo%2F7DelaBnt3I7P84vQ%3D%3D&trackingId=60bXsLT0MSc2ucjUreCKFg%3D%3D
4198402615,Associate Software Engineer - AI/ML,Devsinc,"Lahore, Punjab, Pakistan",,,,https://pk.linkedin.com/jobs/view/associate-software-engineer-ai-ml-at-devsinc-4198402615?position=8&pageNum=2&refId=sEBoo%2F7DelaBnt3I7P84vQ%3D%3D&trackingId=ftFkCFl5OWWnQ0i406bnfQ%3D%3D
4194527561,Data Scientist I,Banco Bradesco,"Osasco, São Paulo, Brazil",,,,https://br.linkedin.com/jobs/view/data-scientist-i-at-banco-bradesco-4194527561?position=9&pageNum=2&refId=sEBoo%2F7DelaBnt3I7P84vQ%3D%3D&trackingId=S%2B9lyry5MO2f5%2BWDiJHBBw%3D%3D
4177134461,"Software Engineer III, AI/ML Recommendations, Rankings, Predictions, Google Cloud",Google,"Hyderabad, Telangana, India",,,,https://in.linkedin.com/jobs/view/software-engineer-iii-ai-ml-recommendations-rankings-predictions-google-cloud-at-google-4177134461?position=10&pageNum=2&refId=sEBoo%2F7DelaBnt3I7P84vQ%3D%3D&trackingId=5qPV8hRezarcY%2FQcb%2FZPIg%3D%3D
4114181679,"Software Engineer - AI/ML, Multiple Locations",Microsoft,"Redmond, WA",,,,https://www.linkedin.com/jobs/view/software-engineer-ai-ml-multiple-locations-at-microsoft-4114181679?position=1&pageNum=5&refId=gvcKrCHX3hOAGer0l3x3ag%3D%3D&trackingId=q1jTKwbRK42N8MZLzpkIfg%3D%3D
4167272596,Associate AI Developer,"LCG, Inc.","Bethesda, MD",,,,https://www.linkedin.com/jobs/view/associate-ai-developer-at-lcg-inc-4167272596?position=2&pageNum=5&refId=gvcKrCHX3hOAGer0l3x3ag%3D%3D&trackingId=xm8NPqiobZkT5CupssMHbA%3D%3D
4114182645,"Software Engineer - AI/ML, Multiple Locations",Microsoft,United States,,,,https://www.linkedin.com/jobs/view/software-engineer-ai-ml-multiple-locations-at-microsoft-4114182645?position=3&pageNum=5&refId=gvcKrCHX3hOAGer0l3x3ag%3D%3D&trackingId=g1t%2BWuv5Z3cHVTpa5FwOeA%3D%3D
4098757579,"Software Engineer, AI",Ascertain,"New York, NY",,,,https://www.linkedin.com/jobs/view/software-engineer-ai-at-ascertain-4098757579?position=4&pageNum=5&refId=gvcKrCHX3hOAGer0l3x3ag%3D%3D&trackingId=il6Ns1v79IYSaVV6o91ewQ%3D%3D
4197453847,"Machine Learning Software Engineer, Gemini",Google DeepMind,"Mountain View, CA",,,,https://www.linkedin.com/jobs/view/machine-learning-software-engineer-gemini-at-google-deepmind-4197453847?position=5&pageNum=5&refId=gvcKrCHX3hOAGer0l3x3ag%3D%3D&trackingId=BcBPokARZgeMT2CVK6ch%2Bw%3D%3D
4178777089,AI Engineer (Machine Learning & Computer Vision),In Technology Group,"Leeds, England, United Kingdom",,,,https://uk.linkedin.com/jobs/view/ai-engineer-machine-learning-computer-vision-at-in-technology-group-4178777089?position=6&pageNum=5&refId=gvcKrCHX3hOAGer0l3x3ag%3D%3D&trackingId=53eylzYTBpFyEn3LRTp%2Fgg%3D%3D
4180014935,Senior AI Engineer,LinkedIn,"Sunnyvale, CA",,,,https://www.linkedin.com/jobs/view/senior-ai-engineer-at-linkedin-4180014935?position=7&pageNum=5&refId=gvcKrCHX3hOAGer0l3x3ag%3D%3D&trackingId=QIyhHXKcAseXFjoqYjRRjA%3D%3D
4194365680,Data Scientist,HDFC Bank,"Mumbai, Maharashtra, India",,,,https://in.linkedin.com/jobs/view/data-scientist-at-hdfc-bank-4194365680?position=8&pageNum=5&refId=gvcKrCHX3hOAGer0l3x3ag%3D%3D&trackingId=cLYspzV5ChgCqb1Qkr8Zlw%3D%3D
4174802588,AI / ML Software Engineer (Rif. 2025-75),aizoOn Technology Consulting,Greater Turin Metropolitan Area,,,,https://it.linkedin.com/jobs/view/ai-ml-software-engineer-rif-2025-75-at-aizoon-technology-consulting-4174802588?position=9&pageNum=5&refId=gvcKrCHX3hOAGer0l3x3ag%3D%3D&trackingId=4kpM3Vpv7eVDnyByRsHAHA%3D%3D
4132126399,AI Software Engineer,Brado,"Dallas, TX",,,,https://www.linkedin.com/jobs/view/ai-software-engineer-at-brado-4132126399?position=10&pageNum=5&refId=gvcKrCHX3hOAGer0l3x3ag%3D%3D&trackingId=M539VdRFNxYuwHleVjKIWA%3D%3D
4120263948,"Software Engineer, AI",Method Security,"New York, NY",,,,https://www.linkedin.com/jobs/view/software-engineer-ai-at-method-security-4120263948?position=1&pageNum=7&refId=G%2BIpKUaNTKy0tHv26DW0XQ%3D%3D&trackingId=Ejw%2B1SH%2BqSeHEKlp7pg5Fw%3D%3D
4140169758,New Grad Applied AI Engineer - Computer Vision,Kodiak,"San Francisco, CA",,,,https://www.linkedin.com/jobs/view/new-grad-applied-ai-engineer-computer-vision-at-kodiak-4140169758?position=2&pageNum=7&refId=G%2BIpKUaNTKy0tHv26DW0XQ%3D%3D&trackingId=SSegl97xOz4k%2BZ4njAye6Q%3D%3D
4177384295,"AI/ML Engineer, Python Developer, NLP, London, COR7193",Beautyk Creative,"London, England, United Kingdom",,,,https://uk.linkedin.com/jobs/view/ai-ml-engineer-python-developer-nlp-london-cor7193-at-beautyk-creative-4177384295?position=3&pageNum=7&refId=G%2BIpKUaNTKy0tHv26DW0XQ%3D%3D&trackingId=apasLuZr%2BW9FyZlfmeUSLA%3D%3D
4178505525,AI/ML Python Developer,Taggd,"Pune, Maharashtra, India",,,,https://in.linkedin.com/jobs/view/ai-ml-python-developer-at-taggd-4178505525?position=4&pageNum=7&refId=G%2BIpKUaNTKy0tHv26DW0XQ%3D%3D&trackingId=%2F7KXUb3T2jMglbdXYf7tHA%3D%3D
4166876952,Software Engineer - AI,Uplimit,"San Mateo, CA",,,,https://www.linkedin.com/jobs/view/software-engineer-ai-at-uplimit-4166876952?position=5&pageNum=7&refId=G%2BIpKUaNTKy0tHv26DW0XQ%3D%3D&trackingId=x%2Bcg7Mg1kzKesbFXVef%2BkQ%3D%3D
4179983347,"Software Engineer, Systems ML - Wearables AI",Meta,"New York, NY",,,,https://www.linkedin.com/jobs/view/software-engineer-systems-ml-wearables-ai-at-meta-4179983347?position=6&pageNum=7&refId=G%2BIpKUaNTKy0tHv26DW0XQ%3D%3D&trackingId=hGioI0aMPWYslGGaxTPqtg%3D%3D
4181094007,AI/ML Engineer,Wissen Technology,"Bengaluru, Karnataka, India",,,,https://in.linkedin.com/jobs/view/ai-ml-engineer-at-wissen-technology-4181094007?position=7&pageNum=7&refId=G%2BIpKUaNTKy0tHv26DW0XQ%3D%3D&trackingId=Tuip1Oo2C4T8RJOZy5e6eQ%3D%3D
4184915885,Artificial Intelligence Engineer,Zest AI,"Burbank, CA",,,,https://www.linkedin.com/jobs/view/artificial-intelligence-engineer-at-zest-ai-4184915885?position=8&pageNum=7&refId=G%2BIpKUaNTKy0tHv26DW0XQ%3D%3D&trackingId=XZoJo%2BLO6XViMZXXMUUEPA%3D%3D
4174834167,Artificial Intelligence Engineer,LTIMindtree,"Bangalore Urban, Karnataka, India",,,,https://in.linkedin.com/jobs/view/artificial-intelligence-engineer-at-ltimindtree-4174834167?position=9&pageNum=7&refId=G%2BIpKUaNTKy0tHv26DW0XQ%3D%3D&trackingId=LRcyi7w%2FUe0sqyPCsT5pkQ%3D%3D
4199917234,AI Backend Developer,PETADATA,"San Francisco, CA",,,,https://www.linkedin.com/jobs/view/ai-backend-developer-at-petadata-4199917234?position=10&pageNum=7&refId=G%2BIpKUaNTKy0tHv26DW0XQ%3D%3D&trackingId=c0TqpU0J%2FfD8DMay7zFnDw%3D%3D
